"","DayPlaceID","nRing","nHour","nrmse","Biotype","TempCond","BiotypeID","TempCondID","BioTempID"
"1",1,1,1,20.3366084466755,"Forest","Warm",1,1,1
"2",1,1,2,13.7980511924893,"Forest","Warm",1,1,1
"3",1,1,3,11.1372603142496,"Forest","Warm",1,1,1
"4",1,1,4,9.49678656101222,"Forest","Warm",1,1,1
"5",1,1,5,8.39307339850023,"Forest","Warm",1,1,1
"6",1,1,6,7.59349000286903,"Forest","Warm",1,1,1
"7",1,1,7,6.93749931413973,"Forest","Warm",1,1,1
"8",1,1,8,6.41012828167854,"Forest","Warm",1,1,1
"9",1,1,9,5.97267363803413,"Forest","Warm",1,1,1
"10",1,1,10,5.60121137820308,"Forest","Warm",1,1,1
"11",1,1,11,5.26612186918513,"Forest","Warm",1,1,1
"12",1,1,12,4.99752917825073,"Forest","Warm",1,1,1
"13",1,1,13,4.73957149767273,"Forest","Warm",1,1,1
"14",1,1,14,4.48883149540695,"Forest","Warm",1,1,1
"15",1,1,15,4.27535901540805,"Forest","Warm",1,1,1
"16",1,1,16,4.08449752052759,"Forest","Warm",1,1,1
"17",1,1,17,3.89942921925356,"Forest","Warm",1,1,1
"18",1,1,18,3.71962028573306,"Forest","Warm",1,1,1
"19",1,1,19,3.56420120711023,"Forest","Warm",1,1,1
"20",1,1,20,3.41259458595838,"Forest","Warm",1,1,1
"21",1,1,21,3.25890907053122,"Forest","Warm",1,1,1
"22",1,1,22,3.11984149016493,"Forest","Warm",1,1,1
"23",1,1,23,2.98224136247069,"Forest","Warm",1,1,1
"24",1,1,24,2.84835064834195,"Forest","Warm",1,1,1
"25",1,5,1,15.7559709843551,"Forest","Warm",1,1,1
"26",1,5,2,10.1242511416349,"Forest","Warm",1,1,1
"27",1,5,3,8.10808657164251,"Forest","Warm",1,1,1
"28",1,5,4,6.82123163794968,"Forest","Warm",1,1,1
"29",1,5,5,5.96628992265697,"Forest","Warm",1,1,1
"30",1,5,6,5.36464080966942,"Forest","Warm",1,1,1
"31",1,5,7,4.85044455136101,"Forest","Warm",1,1,1
"32",1,5,8,4.43231143063978,"Forest","Warm",1,1,1
"33",1,5,9,4.08969454399665,"Forest","Warm",1,1,1
"34",1,5,10,3.7896911958705,"Forest","Warm",1,1,1
"35",1,5,11,3.518022836383,"Forest","Warm",1,1,1
"36",1,5,12,3.31143035724708,"Forest","Warm",1,1,1
"37",1,5,13,3.10258718715632,"Forest","Warm",1,1,1
"38",1,5,14,2.87894385801936,"Forest","Warm",1,1,1
"39",1,5,15,2.69841873767209,"Forest","Warm",1,1,1
"40",1,5,16,2.53716980298114,"Forest","Warm",1,1,1
"41",1,5,17,2.3733075184944,"Forest","Warm",1,1,1
"42",1,5,18,2.20407532201111,"Forest","Warm",1,1,1
"43",1,5,19,2.06468207157323,"Forest","Warm",1,1,1
"44",1,5,20,1.92003186591709,"Forest","Warm",1,1,1
"45",1,5,21,1.76101204065519,"Forest","Warm",1,1,1
"46",1,5,22,1.61595363146786,"Forest","Warm",1,1,1
"47",1,5,23,1.4583877364612,"Forest","Warm",1,1,1
"48",1,5,24,1.27955566984802,"Forest","Warm",1,1,1
"49",1,10,1,12.8125073156251,"Forest","Warm",1,1,1
"50",1,10,2,9.46990662769067,"Forest","Warm",1,1,1
"51",1,10,3,7.57253157943288,"Forest","Warm",1,1,1
"52",1,10,4,6.33980777410122,"Forest","Warm",1,1,1
"53",1,10,5,5.52611203599894,"Forest","Warm",1,1,1
"54",1,10,6,4.96134419559729,"Forest","Warm",1,1,1
"55",1,10,7,4.47168328967371,"Forest","Warm",1,1,1
"56",1,10,8,4.0704227862882,"Forest","Warm",1,1,1
"57",1,10,9,3.74248823680544,"Forest","Warm",1,1,1
"58",1,10,10,3.45345481050009,"Forest","Warm",1,1,1
"59",1,10,11,3.19056881703235,"Forest","Warm",1,1,1
"60",1,10,12,2.99555776182723,"Forest","Warm",1,1,1
"61",1,10,13,2.79403968961114,"Forest","Warm",1,1,1
"62",1,10,14,2.57058489419583,"Forest","Warm",1,1,1
"63",1,10,15,2.39561220047675,"Forest","Warm",1,1,1
"64",1,10,16,2.23657373514609,"Forest","Warm",1,1,1
"65",1,10,17,2.07324294439179,"Forest","Warm",1,1,1
"66",1,10,18,1.90074100639077,"Forest","Warm",1,1,1
"67",1,10,19,1.76288169515484,"Forest","Warm",1,1,1
"68",1,10,20,1.61469560987433,"Forest","Warm",1,1,1
"69",1,10,21,1.44798104794276,"Forest","Warm",1,1,1
"70",1,10,22,1.29335777084694,"Forest","Warm",1,1,1
"71",1,10,23,1.12059974735226,"Forest","Warm",1,1,1
"72",1,10,24,0.899576689518165,"Forest","Warm",1,1,1
"73",2,1,1,14.9188221256175,"Forest","Warm",1,1,1
"74",2,1,2,10.3997329374623,"Forest","Warm",1,1,1
"75",2,1,3,8.42154813237596,"Forest","Warm",1,1,1
"76",2,1,4,7.24607588758296,"Forest","Warm",1,1,1
"77",2,1,5,6.39422219278285,"Forest","Warm",1,1,1
"78",2,1,6,5.8042029969985,"Forest","Warm",1,1,1
"79",2,1,7,5.32004773224923,"Forest","Warm",1,1,1
"80",2,1,8,4.94776883065549,"Forest","Warm",1,1,1
"81",2,1,9,4.62833290551596,"Forest","Warm",1,1,1
"82",2,1,10,4.34837442943071,"Forest","Warm",1,1,1
"83",2,1,11,4.12621641653109,"Forest","Warm",1,1,1
"84",2,1,12,3.90696236822229,"Forest","Warm",1,1,1
"85",2,1,13,3.72798695916052,"Forest","Warm",1,1,1
"86",2,1,14,3.55760942117839,"Forest","Warm",1,1,1
"87",2,1,15,3.40159689697888,"Forest","Warm",1,1,1
"88",2,1,16,3.26809004341055,"Forest","Warm",1,1,1
"89",2,1,17,3.13560306610708,"Forest","Warm",1,1,1
"90",2,1,18,3.01764984527482,"Forest","Warm",1,1,1
"91",2,1,19,2.90317494302392,"Forest","Warm",1,1,1
"92",2,1,20,2.79771150362836,"Forest","Warm",1,1,1
"93",2,1,21,2.70136258944741,"Forest","Warm",1,1,1
"94",2,1,22,2.60970184471521,"Forest","Warm",1,1,1
"95",2,1,23,2.52164759377263,"Forest","Warm",1,1,1
"96",2,1,24,2.43645738004989,"Forest","Warm",1,1,1
"97",2,5,1,8.46267364733192,"Forest","Warm",1,1,1
"98",2,5,2,6.83028326468428,"Forest","Warm",1,1,1
"99",2,5,3,5.49263517631758,"Forest","Warm",1,1,1
"100",2,5,4,4.69426576125184,"Forest","Warm",1,1,1
"101",2,5,5,4.07205281706411,"Forest","Warm",1,1,1
"102",2,5,6,3.66585173015904,"Forest","Warm",1,1,1
"103",2,5,7,3.32812739220289,"Forest","Warm",1,1,1
"104",2,5,8,3.07348456910285,"Forest","Warm",1,1,1
"105",2,5,9,2.84584424315394,"Forest","Warm",1,1,1
"106",2,5,10,2.63475950749612,"Forest","Warm",1,1,1
"107",2,5,11,2.48506836390136,"Forest","Warm",1,1,1
"108",2,5,12,2.31647421897413,"Forest","Warm",1,1,1
"109",2,5,13,2.18652035583893,"Forest","Warm",1,1,1
"110",2,5,14,2.05504460274299,"Forest","Warm",1,1,1
"111",2,5,15,1.93356138812647,"Forest","Warm",1,1,1
"112",2,5,16,1.83162823316817,"Forest","Warm",1,1,1
"113",2,5,17,1.72121789976228,"Forest","Warm",1,1,1
"114",2,5,18,1.62676568642352,"Forest","Warm",1,1,1
"115",2,5,19,1.52749884662236,"Forest","Warm",1,1,1
"116",2,5,20,1.43621781340949,"Forest","Warm",1,1,1
"117",2,5,21,1.35081785361053,"Forest","Warm",1,1,1
"118",2,5,22,1.26401496226576,"Forest","Warm",1,1,1
"119",2,5,23,1.17741092881472,"Forest","Warm",1,1,1
"120",2,5,24,1.08369478913378,"Forest","Warm",1,1,1
"121",2,10,1,10.0939009755127,"Forest","Warm",1,1,1
"122",2,10,2,6.19355057239447,"Forest","Warm",1,1,1
"123",2,10,3,4.96371976041188,"Forest","Warm",1,1,1
"124",2,10,4,4.23291312435217,"Forest","Warm",1,1,1
"125",2,10,5,3.64668959014361,"Forest","Warm",1,1,1
"126",2,10,6,3.27304076705877,"Forest","Warm",1,1,1
"127",2,10,7,2.96145577710119,"Forest","Warm",1,1,1
"128",2,10,8,2.72786226423753,"Forest","Warm",1,1,1
"129",2,10,9,2.51467343039421,"Forest","Warm",1,1,1
"130",2,10,10,2.31382939507721,"Forest","Warm",1,1,1
"131",2,10,11,2.17630884832674,"Forest","Warm",1,1,1
"132",2,10,12,2.0158524142723,"Forest","Warm",1,1,1
"133",2,10,13,1.89325276568203,"Forest","Warm",1,1,1
"134",2,10,14,1.76677194469028,"Forest","Warm",1,1,1
"135",2,10,15,1.64893839398952,"Forest","Warm",1,1,1
"136",2,10,16,1.55100912971515,"Forest","Warm",1,1,1
"137",2,10,17,1.44158765561737,"Forest","Warm",1,1,1
"138",2,10,18,1.34927849828553,"Forest","Warm",1,1,1
"139",2,10,19,1.24872681722861,"Forest","Warm",1,1,1
"140",2,10,20,1.15589870653024,"Forest","Warm",1,1,1
"141",2,10,21,1.06857688062693,"Forest","Warm",1,1,1
"142",2,10,22,0.976456902233784,"Forest","Warm",1,1,1
"143",2,10,23,0.88103701474622,"Forest","Warm",1,1,1
"144",2,10,24,0.770830819294695,"Forest","Warm",1,1,1
"145",3,1,1,15.2492893787679,"Forest","Warm",1,1,1
"146",3,1,2,10.6011404987283,"Forest","Warm",1,1,1
"147",3,1,3,8.58778707974091,"Forest","Warm",1,1,1
"148",3,1,4,7.38372354587395,"Forest","Warm",1,1,1
"149",3,1,5,6.57808536859504,"Forest","Warm",1,1,1
"150",3,1,6,5.93556575968225,"Forest","Warm",1,1,1
"151",3,1,7,5.47317490574638,"Forest","Warm",1,1,1
"152",3,1,8,5.07006618094479,"Forest","Warm",1,1,1
"153",3,1,9,4.76254106838274,"Forest","Warm",1,1,1
"154",3,1,10,4.48299164152118,"Forest","Warm",1,1,1
"155",3,1,11,4.24254428197316,"Forest","Warm",1,1,1
"156",3,1,12,4.02899979173423,"Forest","Warm",1,1,1
"157",3,1,13,3.83914719420817,"Forest","Warm",1,1,1
"158",3,1,14,3.67257915924028,"Forest","Warm",1,1,1
"159",3,1,15,3.51299908567907,"Forest","Warm",1,1,1
"160",3,1,16,3.37342840459715,"Forest","Warm",1,1,1
"161",3,1,17,3.24021757797453,"Forest","Warm",1,1,1
"162",3,1,18,3.12155743172235,"Forest","Warm",1,1,1
"163",3,1,19,3.01393238988698,"Forest","Warm",1,1,1
"164",3,1,20,2.90773976988602,"Forest","Warm",1,1,1
"165",3,1,21,2.80711150697687,"Forest","Warm",1,1,1
"166",3,1,22,2.71485331748309,"Forest","Warm",1,1,1
"167",3,1,23,2.62776198590606,"Forest","Warm",1,1,1
"168",3,1,24,2.5423756117755,"Forest","Warm",1,1,1
"169",3,5,1,10.526279103125,"Forest","Warm",1,1,1
"170",3,5,2,6.88544204318171,"Forest","Warm",1,1,1
"171",3,5,3,5.49421013943382,"Forest","Warm",1,1,1
"172",3,5,4,4.6863448626926,"Forest","Warm",1,1,1
"173",3,5,5,4.13709597614447,"Forest","Warm",1,1,1
"174",3,5,6,3.67994725856254,"Forest","Warm",1,1,1
"175",3,5,7,3.37385790535491,"Forest","Warm",1,1,1
"176",3,5,8,3.08526682937276,"Forest","Warm",1,1,1
"177",3,5,9,2.87673394976745,"Forest","Warm",1,1,1
"178",3,5,10,2.67826508967806,"Forest","Warm",1,1,1
"179",3,5,11,2.50779595364205,"Forest","Warm",1,1,1
"180",3,5,12,2.35052371591647,"Forest","Warm",1,1,1
"181",3,5,13,2.21066530270197,"Forest","Warm",1,1,1
"182",3,5,14,2.0885141362567,"Forest","Warm",1,1,1
"183",3,5,15,1.96372627820119,"Forest","Warm",1,1,1
"184",3,5,16,1.85708727881169,"Forest","Warm",1,1,1
"185",3,5,17,1.74916022501802,"Forest","Warm",1,1,1
"186",3,5,18,1.65268662668548,"Forest","Warm",1,1,1
"187",3,5,19,1.56867241028483,"Forest","Warm",1,1,1
"188",3,5,20,1.47718067139278,"Forest","Warm",1,1,1
"189",3,5,21,1.38632214780831,"Forest","Warm",1,1,1
"190",3,5,22,1.30289118132328,"Forest","Warm",1,1,1
"191",3,5,23,1.21819200643697,"Forest","Warm",1,1,1
"192",3,5,24,1.12689941224182,"Forest","Warm",1,1,1
"193",3,10,1,9.6271262856935,"Forest","Warm",1,1,1
"194",3,10,2,6.20084301730902,"Forest","Warm",1,1,1
"195",3,10,3,4.9079944398539,"Forest","Warm",1,1,1
"196",3,10,4,4.18023082668652,"Forest","Warm",1,1,1
"197",3,10,5,3.67616496836301,"Forest","Warm",1,1,1
"198",3,10,6,3.25213751501518,"Forest","Warm",1,1,1
"199",3,10,7,2.97439576257644,"Forest","Warm",1,1,1
"200",3,10,8,2.70473763829201,"Forest","Warm",1,1,1
"201",3,10,9,2.5151155870329,"Forest","Warm",1,1,1
"202",3,10,10,2.33012868429898,"Forest","Warm",1,1,1
"203",3,10,11,2.1731682354662,"Forest","Warm",1,1,1
"204",3,10,12,2.02339957572863,"Forest","Warm",1,1,1
"205",3,10,13,1.89271042695196,"Forest","Warm",1,1,1
"206",3,10,14,1.77767081551,"Forest","Warm",1,1,1
"207",3,10,15,1.65716419227618,"Forest","Warm",1,1,1
"208",3,10,16,1.55459239126491,"Forest","Warm",1,1,1
"209",3,10,17,1.45027754647593,"Forest","Warm",1,1,1
"210",3,10,18,1.35496284407881,"Forest","Warm",1,1,1
"211",3,10,19,1.27342598319416,"Forest","Warm",1,1,1
"212",3,10,20,1.18108020994571,"Forest","Warm",1,1,1
"213",3,10,21,1.0874462905249,"Forest","Warm",1,1,1
"214",3,10,22,1.00095981013899,"Forest","Warm",1,1,1
"215",3,10,23,0.908649977383765,"Forest","Warm",1,1,1
"216",3,10,24,0.801788709423792,"Forest","Warm",1,1,1
"217",4,1,1,19.1452991544835,"Forest","Cold",1,2,2
"218",4,1,2,13.2750880165267,"Forest","Cold",1,2,2
"219",4,1,3,10.7834439303817,"Forest","Cold",1,2,2
"220",4,1,4,9.27430126550293,"Forest","Cold",1,2,2
"221",4,1,5,8.26054026389345,"Forest","Cold",1,2,2
"222",4,1,6,7.50139743649183,"Forest","Cold",1,2,2
"223",4,1,7,6.89889702792496,"Forest","Cold",1,2,2
"224",4,1,8,6.41754954671436,"Forest","Cold",1,2,2
"225",4,1,9,6.01170545701469,"Forest","Cold",1,2,2
"226",4,1,10,5.64573594927939,"Forest","Cold",1,2,2
"227",4,1,11,5.34794292023531,"Forest","Cold",1,2,2
"228",4,1,12,5.09849010831088,"Forest","Cold",1,2,2
"229",4,1,13,4.84906764457924,"Forest","Cold",1,2,2
"230",4,1,14,4.63596876750557,"Forest","Cold",1,2,2
"231",4,1,15,4.4541650893859,"Forest","Cold",1,2,2
"232",4,1,16,4.27659695991017,"Forest","Cold",1,2,2
"233",4,1,17,4.11125986977045,"Forest","Cold",1,2,2
"234",4,1,18,3.9653504575107,"Forest","Cold",1,2,2
"235",4,1,19,3.83068418347706,"Forest","Cold",1,2,2
"236",4,1,20,3.70203712564545,"Forest","Cold",1,2,2
"237",4,1,21,3.57955970777801,"Forest","Cold",1,2,2
"238",4,1,22,3.4670695378656,"Forest","Cold",1,2,2
"239",4,1,23,3.35700805863892,"Forest","Cold",1,2,2
"240",4,1,24,3.25430328285358,"Forest","Cold",1,2,2
"241",4,5,1,11.976848050229,"Forest","Cold",1,2,2
"242",4,5,2,8.42859282757153,"Forest","Cold",1,2,2
"243",4,5,3,6.76020196762623,"Forest","Cold",1,2,2
"244",4,5,4,5.75471393802657,"Forest","Cold",1,2,2
"245",4,5,5,5.09212698349074,"Forest","Cold",1,2,2
"246",4,5,6,4.58643058858347,"Forest","Cold",1,2,2
"247",4,5,7,4.16978460013362,"Forest","Cold",1,2,2
"248",4,5,8,3.84939701701307,"Forest","Cold",1,2,2
"249",4,5,9,3.57481429515462,"Forest","Cold",1,2,2
"250",4,5,10,3.30388036518964,"Forest","Cold",1,2,2
"251",4,5,11,3.10316156756383,"Forest","Cold",1,2,2
"252",4,5,12,2.937534081193,"Forest","Cold",1,2,2
"253",4,5,13,2.74449195182198,"Forest","Cold",1,2,2
"254",4,5,14,2.58873635498196,"Forest","Cold",1,2,2
"255",4,5,15,2.45726213210184,"Forest","Cold",1,2,2
"256",4,5,16,2.32022386935891,"Forest","Cold",1,2,2
"257",4,5,17,2.19226016683819,"Forest","Cold",1,2,2
"258",4,5,18,2.08180077686001,"Forest","Cold",1,2,2
"259",4,5,19,1.97466127736009,"Forest","Cold",1,2,2
"260",4,5,20,1.86821171069533,"Forest","Cold",1,2,2
"261",4,5,21,1.76383259969556,"Forest","Cold",1,2,2
"262",4,5,22,1.66497487937725,"Forest","Cold",1,2,2
"263",4,5,23,1.56113993700415,"Forest","Cold",1,2,2
"264",4,5,24,1.45848176517973,"Forest","Cold",1,2,2
"265",4,10,1,10.5701095046247,"Forest","Cold",1,2,2
"266",4,10,2,7.532147038946,"Forest","Cold",1,2,2
"267",4,10,3,5.97303824739273,"Forest","Cold",1,2,2
"268",4,10,4,5.06209677014539,"Forest","Cold",1,2,2
"269",4,10,5,4.46898189069578,"Forest","Cold",1,2,2
"270",4,10,6,4.01025062235632,"Forest","Cold",1,2,2
"271",4,10,7,3.62932683573367,"Forest","Cold",1,2,2
"272",4,10,8,3.33849793586215,"Forest","Cold",1,2,2
"273",4,10,9,3.08965540079014,"Forest","Cold",1,2,2
"274",4,10,10,2.83429531955909,"Forest","Cold",1,2,2
"275",4,10,11,2.65172371958976,"Forest","Cold",1,2,2
"276",4,10,12,2.50179577286521,"Forest","Cold",1,2,2
"277",4,10,13,2.31698320292275,"Forest","Cold",1,2,2
"278",4,10,14,2.17032369599242,"Forest","Cold",1,2,2
"279",4,10,15,2.04739281401486,"Forest","Cold",1,2,2
"280",4,10,16,1.91566644088769,"Forest","Cold",1,2,2
"281",4,10,17,1.79225035745765,"Forest","Cold",1,2,2
"282",4,10,18,1.68668009133357,"Forest","Cold",1,2,2
"283",4,10,19,1.5812972716982,"Forest","Cold",1,2,2
"284",4,10,20,1.47514783580676,"Forest","Cold",1,2,2
"285",4,10,21,1.36928680951241,"Forest","Cold",1,2,2
"286",4,10,22,1.26667096752253,"Forest","Cold",1,2,2
"287",4,10,23,1.15473899934415,"Forest","Cold",1,2,2
"288",4,10,24,1.03656444130449,"Forest","Cold",1,2,2
"289",5,1,1,17.2732963357271,"Forest","Warm",1,1,1
"290",5,1,2,12.4313593898731,"Forest","Warm",1,1,1
"291",5,1,3,10.0772817061997,"Forest","Warm",1,1,1
"292",5,1,4,8.70617919771865,"Forest","Warm",1,1,1
"293",5,1,5,7.74311366338355,"Forest","Warm",1,1,1
"294",5,1,6,7.04083370228332,"Forest","Warm",1,1,1
"295",5,1,7,6.48012696343418,"Forest","Warm",1,1,1
"296",5,1,8,6.04892934552434,"Forest","Warm",1,1,1
"297",5,1,9,5.66260984835597,"Forest","Warm",1,1,1
"298",5,1,10,5.34768935861985,"Forest","Warm",1,1,1
"299",5,1,11,5.06801882688987,"Forest","Warm",1,1,1
"300",5,1,12,4.82910574571231,"Forest","Warm",1,1,1
"301",5,1,13,4.60977003082836,"Forest","Warm",1,1,1
"302",5,1,14,4.41587732432032,"Forest","Warm",1,1,1
"303",5,1,15,4.24115929172436,"Forest","Warm",1,1,1
"304",5,1,16,4.08413417679132,"Forest","Warm",1,1,1
"305",5,1,17,3.93751692010128,"Forest","Warm",1,1,1
"306",5,1,18,3.79888683536152,"Forest","Warm",1,1,1
"307",5,1,19,3.67545687044682,"Forest","Warm",1,1,1
"308",5,1,20,3.56158756997625,"Forest","Warm",1,1,1
"309",5,1,21,3.4523465683123,"Forest","Warm",1,1,1
"310",5,1,22,3.34897898336706,"Forest","Warm",1,1,1
"311",5,1,23,3.25262367227965,"Forest","Warm",1,1,1
"312",5,1,24,3.16184028764445,"Forest","Warm",1,1,1
"313",5,5,1,10.4135089186766,"Forest","Warm",1,1,1
"314",5,5,2,7.43931900795798,"Forest","Warm",1,1,1
"315",5,5,3,5.94337089001824,"Forest","Warm",1,1,1
"316",5,5,4,5.10967110074267,"Forest","Warm",1,1,1
"317",5,5,5,4.49940161904273,"Forest","Warm",1,1,1
"318",5,5,6,4.06112873205012,"Forest","Warm",1,1,1
"319",5,5,7,3.71037999280547,"Forest","Warm",1,1,1
"320",5,5,8,3.44628895263442,"Forest","Warm",1,1,1
"321",5,5,9,3.18772331147898,"Forest","Warm",1,1,1
"322",5,5,10,2.98365884178155,"Forest","Warm",1,1,1
"323",5,5,11,2.80019075460132,"Forest","Warm",1,1,1
"324",5,5,12,2.64057686348349,"Forest","Warm",1,1,1
"325",5,5,13,2.489647894023,"Forest","Warm",1,1,1
"326",5,5,14,2.35751336716645,"Forest","Warm",1,1,1
"327",5,5,15,2.23699283751144,"Forest","Warm",1,1,1
"328",5,5,16,2.12557880840543,"Forest","Warm",1,1,1
"329",5,5,17,2.02400740069935,"Forest","Warm",1,1,1
"330",5,5,18,1.92024712804554,"Forest","Warm",1,1,1
"331",5,5,19,1.83080855090786,"Forest","Warm",1,1,1
"332",5,5,20,1.7448299199322,"Forest","Warm",1,1,1
"333",5,5,21,1.65805859102395,"Forest","Warm",1,1,1
"334",5,5,22,1.57468318655411,"Forest","Warm",1,1,1
"335",5,5,23,1.4930626983728,"Forest","Warm",1,1,1
"336",5,5,24,1.41276838876944,"Forest","Warm",1,1,1
"337",5,10,1,9.97950207237888,"Forest","Warm",1,1,1
"338",5,10,2,6.4869973578394,"Forest","Warm",1,1,1
"339",5,10,3,5.13467202505448,"Forest","Warm",1,1,1
"340",5,10,4,4.4043968429349,"Forest","Warm",1,1,1
"341",5,10,5,3.85868213956506,"Forest","Warm",1,1,1
"342",5,10,6,3.471215973745,"Forest","Warm",1,1,1
"343",5,10,7,3.15969543505115,"Forest","Warm",1,1,1
"344",5,10,8,2.92831506525288,"Forest","Warm",1,1,1
"345",5,10,9,2.69158669658636,"Forest","Warm",1,1,1
"346",5,10,10,2.50833273796006,"Forest","Warm",1,1,1
"347",5,10,11,2.3408917748477,"Forest","Warm",1,1,1
"348",5,10,12,2.19532597914707,"Forest","Warm",1,1,1
"349",5,10,13,2.05544963038963,"Forest","Warm",1,1,1
"350",5,10,14,1.93441696022727,"Forest","Warm",1,1,1
"351",5,10,15,1.82189573142507,"Forest","Warm",1,1,1
"352",5,10,16,1.71749783978965,"Forest","Warm",1,1,1
"353",5,10,17,1.62269284247286,"Forest","Warm",1,1,1
"354",5,10,18,1.52231976038016,"Forest","Warm",1,1,1
"355",5,10,19,1.43654033405105,"Forest","Warm",1,1,1
"356",5,10,20,1.3524774218619,"Forest","Warm",1,1,1
"357",5,10,21,1.26516218402075,"Forest","Warm",1,1,1
"358",5,10,22,1.17978511341737,"Forest","Warm",1,1,1
"359",5,10,23,1.09319628953859,"Forest","Warm",1,1,1
"360",5,10,24,1.0031152717746,"Forest","Warm",1,1,1
"361",6,1,1,18.5770282481068,"Forest","Cold",1,2,2
"362",6,1,2,13.5964702413535,"Forest","Cold",1,2,2
"363",6,1,3,11.0678975836279,"Forest","Cold",1,2,2
"364",6,1,4,9.5106602665676,"Forest","Cold",1,2,2
"365",6,1,5,8.4412116524681,"Forest","Cold",1,2,2
"366",6,1,6,7.6678660148628,"Forest","Cold",1,2,2
"367",6,1,7,7.0713375342651,"Forest","Cold",1,2,2
"368",6,1,8,6.5482406827564,"Forest","Cold",1,2,2
"369",6,1,9,6.1418511276723,"Forest","Cold",1,2,2
"370",6,1,10,5.7736382942834,"Forest","Cold",1,2,2
"371",6,1,11,5.4692054991893,"Forest","Cold",1,2,2
"372",6,1,12,5.1979818248765,"Forest","Cold",1,2,2
"373",6,1,13,4.9617359081323,"Forest","Cold",1,2,2
"374",6,1,14,4.740550296667,"Forest","Cold",1,2,2
"375",6,1,15,4.5542755956345,"Forest","Cold",1,2,2
"376",6,1,16,4.3584627561602,"Forest","Cold",1,2,2
"377",6,1,17,4.2079581584628,"Forest","Cold",1,2,2
"378",6,1,18,4.0451916945291,"Forest","Cold",1,2,2
"379",6,1,19,3.9063012673999,"Forest","Cold",1,2,2
"380",6,1,20,3.7705128930452,"Forest","Cold",1,2,2
"381",6,1,21,3.6464668987765,"Forest","Cold",1,2,2
"382",6,1,22,3.5328231694279,"Forest","Cold",1,2,2
"383",6,1,23,3.4193001480877,"Forest","Cold",1,2,2
"384",6,1,24,3.3136582368865,"Forest","Cold",1,2,2
"385",6,5,1,11.7613427313871,"Forest","Cold",1,2,2
"386",6,5,2,8.5788957734979,"Forest","Cold",1,2,2
"387",6,5,3,6.9243608512629,"Forest","Cold",1,2,2
"388",6,5,4,5.9100355774672,"Forest","Cold",1,2,2
"389",6,5,5,5.1813074005183,"Forest","Cold",1,2,2
"390",6,5,6,4.6874740266602,"Forest","Cold",1,2,2
"391",6,5,7,4.2878935012122,"Forest","Cold",1,2,2
"392",6,5,8,3.9253499832799,"Forest","Cold",1,2,2
"393",6,5,9,3.654948156759,"Forest","Cold",1,2,2
"394",6,5,10,3.3881538488388,"Forest","Cold",1,2,2
"395",6,5,11,3.1757446985399,"Forest","Cold",1,2,2
"396",6,5,12,2.9841403505194,"Forest","Cold",1,2,2
"397",6,5,13,2.8169541480648,"Forest","Cold",1,2,2
"398",6,5,14,2.6538158283334,"Forest","Cold",1,2,2
"399",6,5,15,2.5234959781011,"Forest","Cold",1,2,2
"400",6,5,16,2.3641920169219,"Forest","Cold",1,2,2
"401",6,5,17,2.2588334416768,"Forest","Cold",1,2,2
"402",6,5,18,2.1244076237338,"Forest","Cold",1,2,2
"403",6,5,19,2.0125002501727,"Forest","Cold",1,2,2
"404",6,5,20,1.8991097211044,"Forest","Cold",1,2,2
"405",6,5,21,1.7926814786381,"Forest","Cold",1,2,2
"406",6,5,22,1.6943172852821,"Forest","Cold",1,2,2
"407",6,5,23,1.5867112470146,"Forest","Cold",1,2,2
"408",6,5,24,1.4819273592848,"Forest","Cold",1,2,2
"409",6,10,1,12.0861307000295,"Forest","Cold",1,2,2
"410",6,10,2,7.6001716840896,"Forest","Cold",1,2,2
"411",6,10,3,6.1112890268523,"Forest","Cold",1,2,2
"412",6,10,4,5.2044937933641,"Forest","Cold",1,2,2
"413",6,10,5,4.5395635082556,"Forest","Cold",1,2,2
"414",6,10,6,4.101894493805,"Forest","Cold",1,2,2
"415",6,10,7,3.738080707207,"Forest","Cold",1,2,2
"416",6,10,8,3.4061240604344,"Forest","Cold",1,2,2
"417",6,10,9,3.1623595503832,"Forest","Cold",1,2,2
"418",6,10,10,2.9138576281973,"Forest","Cold",1,2,2
"419",6,10,11,2.717514104502,"Forest","Cold",1,2,2
"420",6,10,12,2.5404015441075,"Forest","Cold",1,2,2
"421",6,10,13,2.3850118627957,"Forest","Cold",1,2,2
"422",6,10,14,2.232454057992,"Forest","Cold",1,2,2
"423",6,10,15,2.1105202311946,"Forest","Cold",1,2,2
"424",6,10,16,1.9541295832304,"Forest","Cold",1,2,2
"425",6,10,17,1.8565541718028,"Forest","Cold",1,2,2
"426",6,10,18,1.7237835453868,"Forest","Cold",1,2,2
"427",6,10,19,1.6131675744858,"Forest","Cold",1,2,2
"428",6,10,20,1.499876647556,"Forest","Cold",1,2,2
"429",6,10,21,1.3913304736905,"Forest","Cold",1,2,2
"430",6,10,22,1.289144787837,"Forest","Cold",1,2,2
"431",6,10,23,1.1726090239356,"Forest","Cold",1,2,2
"432",6,10,24,1.0530809898147,"Forest","Cold",1,2,2
"433",7,1,1,12.4200957116999,"Forest","Warm",1,1,1
"434",7,1,2,9.18126266463489,"Forest","Warm",1,1,1
"435",7,1,3,7.48343036954553,"Forest","Warm",1,1,1
"436",7,1,4,6.48272785106797,"Forest","Warm",1,1,1
"437",7,1,5,5.78895189614959,"Forest","Warm",1,1,1
"438",7,1,6,5.26647445347732,"Forest","Warm",1,1,1
"439",7,1,7,4.86692438785839,"Forest","Warm",1,1,1
"440",7,1,8,4.53895621937715,"Forest","Warm",1,1,1
"441",7,1,9,4.27481609216109,"Forest","Warm",1,1,1
"442",7,1,10,4.04193551854889,"Forest","Warm",1,1,1
"443",7,1,11,3.84450539555685,"Forest","Warm",1,1,1
"444",7,1,12,3.6695787844859,"Forest","Warm",1,1,1
"445",7,1,13,3.51686809399868,"Forest","Warm",1,1,1
"446",7,1,14,3.38044447085102,"Forest","Warm",1,1,1
"447",7,1,15,3.25764282718098,"Forest","Warm",1,1,1
"448",7,1,16,3.14419750234172,"Forest","Warm",1,1,1
"449",7,1,17,3.04460858526395,"Forest","Warm",1,1,1
"450",7,1,18,2.95201771224583,"Forest","Warm",1,1,1
"451",7,1,19,2.86327224945231,"Forest","Warm",1,1,1
"452",7,1,20,2.78384398627814,"Forest","Warm",1,1,1
"453",7,1,21,2.70815427093768,"Forest","Warm",1,1,1
"454",7,1,22,2.63857892245015,"Forest","Warm",1,1,1
"455",7,1,23,2.57416354569362,"Forest","Warm",1,1,1
"456",7,1,24,2.51243155451861,"Forest","Warm",1,1,1
"457",7,5,1,6.98037813074061,"Forest","Warm",1,1,1
"458",7,5,2,4.84733487119624,"Forest","Warm",1,1,1
"459",7,5,3,3.91596641778056,"Forest","Warm",1,1,1
"460",7,5,4,3.37924512476873,"Forest","Warm",1,1,1
"461",7,5,5,3.00339670107747,"Forest","Warm",1,1,1
"462",7,5,6,2.71195300191575,"Forest","Warm",1,1,1
"463",7,5,7,2.49234210071074,"Forest","Warm",1,1,1
"464",7,5,8,2.31177891090123,"Forest","Warm",1,1,1
"465",7,5,9,2.16580422652086,"Forest","Warm",1,1,1
"466",7,5,10,2.03046772450728,"Forest","Warm",1,1,1
"467",7,5,11,1.92272589225407,"Forest","Warm",1,1,1
"468",7,5,12,1.82109463039773,"Forest","Warm",1,1,1
"469",7,5,13,1.73160461560283,"Forest","Warm",1,1,1
"470",7,5,14,1.65342831111813,"Forest","Warm",1,1,1
"471",7,5,15,1.58278758100989,"Forest","Warm",1,1,1
"472",7,5,16,1.51401286248659,"Forest","Warm",1,1,1
"473",7,5,17,1.45816716141507,"Forest","Warm",1,1,1
"474",7,5,18,1.40247136291478,"Forest","Warm",1,1,1
"475",7,5,19,1.34644773700853,"Forest","Warm",1,1,1
"476",7,5,20,1.29731951634548,"Forest","Warm",1,1,1
"477",7,5,21,1.24969653660458,"Forest","Warm",1,1,1
"478",7,5,22,1.20605823038917,"Forest","Warm",1,1,1
"479",7,5,23,1.16403074941558,"Forest","Warm",1,1,1
"480",7,5,24,1.12322609516836,"Forest","Warm",1,1,1
"481",7,10,1,5.64222301048662,"Forest","Warm",1,1,1
"482",7,10,2,3.91469110012636,"Forest","Warm",1,1,1
"483",7,10,3,3.15099432353263,"Forest","Warm",1,1,1
"484",7,10,4,2.71193425438389,"Forest","Warm",1,1,1
"485",7,10,5,2.40260827307069,"Forest","Warm",1,1,1
"486",7,10,6,2.15879464533816,"Forest","Warm",1,1,1
"487",7,10,7,1.9768934477076,"Forest","Warm",1,1,1
"488",7,10,8,1.82755546412584,"Forest","Warm",1,1,1
"489",7,10,9,1.70540764492217,"Forest","Warm",1,1,1
"490",7,10,10,1.58960705234697,"Forest","Warm",1,1,1
"491",7,10,11,1.49999624720061,"Forest","Warm",1,1,1
"492",7,10,12,1.41268238737825,"Forest","Warm",1,1,1
"493",7,10,13,1.33636741385434,"Forest","Warm",1,1,1
"494",7,10,14,1.26880772981492,"Forest","Warm",1,1,1
"495",7,10,15,1.20829666932293,"Forest","Warm",1,1,1
"496",7,10,16,1.1476284830428,"Forest","Warm",1,1,1
"497",7,10,17,1.10009144819888,"Forest","Warm",1,1,1
"498",7,10,18,1.05059207319857,"Forest","Warm",1,1,1
"499",7,10,19,0.99967858026845,"Forest","Warm",1,1,1
"500",7,10,20,0.954890362520796,"Forest","Warm",1,1,1
"501",7,10,21,0.9115520790632,"Forest","Warm",1,1,1
"502",7,10,22,0.870602141815422,"Forest","Warm",1,1,1
"503",7,10,23,0.830610918851323,"Forest","Warm",1,1,1
"504",7,10,24,0.791136411782853,"Forest","Warm",1,1,1
"505",8,1,1,13.6040703376584,"Forest","Cold",1,2,2
"506",8,1,2,9.38910400358645,"Forest","Cold",1,2,2
"507",8,1,3,7.65488577138582,"Forest","Cold",1,2,2
"508",8,1,4,6.62157659643549,"Forest","Cold",1,2,2
"509",8,1,5,5.9176387176856,"Forest","Cold",1,2,2
"510",8,1,6,5.38187659975234,"Forest","Cold",1,2,2
"511",8,1,7,4.97748154421848,"Forest","Cold",1,2,2
"512",8,1,8,4.64467542914472,"Forest","Cold",1,2,2
"513",8,1,9,4.37214665769397,"Forest","Cold",1,2,2
"514",8,1,10,4.13879662846296,"Forest","Cold",1,2,2
"515",8,1,11,3.93824651733176,"Forest","Cold",1,2,2
"516",8,1,12,3.76715042159787,"Forest","Cold",1,2,2
"517",8,1,13,3.60986725557298,"Forest","Cold",1,2,2
"518",8,1,14,3.47117814176562,"Forest","Cold",1,2,2
"519",8,1,15,3.34506131691632,"Forest","Cold",1,2,2
"520",8,1,16,3.23285794649359,"Forest","Cold",1,2,2
"521",8,1,17,3.13098388872242,"Forest","Cold",1,2,2
"522",8,1,18,3.03560867779405,"Forest","Cold",1,2,2
"523",8,1,19,2.94952330977114,"Forest","Cold",1,2,2
"524",8,1,20,2.86743681382475,"Forest","Cold",1,2,2
"525",8,1,21,2.79226395203915,"Forest","Cold",1,2,2
"526",8,1,22,2.72325856822865,"Forest","Cold",1,2,2
"527",8,1,23,2.65647616928278,"Forest","Cold",1,2,2
"528",8,1,24,2.59488724095094,"Forest","Cold",1,2,2
"529",8,5,1,7.20657673741488,"Forest","Cold",1,2,2
"530",8,5,2,4.87029305330457,"Forest","Cold",1,2,2
"531",8,5,3,3.95600372353984,"Forest","Cold",1,2,2
"532",8,5,4,3.40551891136631,"Forest","Cold",1,2,2
"533",8,5,5,3.02897333072217,"Forest","Cold",1,2,2
"534",8,5,6,2.73408556021644,"Forest","Cold",1,2,2
"535",8,5,7,2.5141974461637,"Forest","Cold",1,2,2
"536",8,5,8,2.33221627369065,"Forest","Cold",1,2,2
"537",8,5,9,2.18322578926947,"Forest","Cold",1,2,2
"538",8,5,10,2.05746295350544,"Forest","Cold",1,2,2
"539",8,5,11,1.94352967334449,"Forest","Cold",1,2,2
"540",8,5,12,1.85236434769583,"Forest","Cold",1,2,2
"541",8,5,13,1.76107998898324,"Forest","Cold",1,2,2
"542",8,5,14,1.68394252449416,"Forest","Cold",1,2,2
"543",8,5,15,1.61063110192136,"Forest","Cold",1,2,2
"544",8,5,16,1.54567570548522,"Forest","Cold",1,2,2
"545",8,5,17,1.48753051729696,"Forest","Cold",1,2,2
"546",8,5,18,1.43277168927241,"Forest","Cold",1,2,2
"547",8,5,19,1.38150230500323,"Forest","Cold",1,2,2
"548",8,5,20,1.33179064383862,"Forest","Cold",1,2,2
"549",8,5,21,1.28624777899926,"Forest","Cold",1,2,2
"550",8,5,22,1.24403957817327,"Forest","Cold",1,2,2
"551",8,5,23,1.20236733276909,"Forest","Cold",1,2,2
"552",8,5,24,1.16375885015488,"Forest","Cold",1,2,2
"553",8,10,1,5.04068404228539,"Forest","Cold",1,2,2
"554",8,10,2,3.88234060608633,"Forest","Cold",1,2,2
"555",8,10,3,3.14454698804083,"Forest","Cold",1,2,2
"556",8,10,4,2.69885487539333,"Forest","Cold",1,2,2
"557",8,10,5,2.39357692922616,"Forest","Cold",1,2,2
"558",8,10,6,2.14898804414861,"Forest","Cold",1,2,2
"559",8,10,7,1.9682029995323,"Forest","Cold",1,2,2
"560",8,10,8,1.81966599198017,"Forest","Cold",1,2,2
"561",8,10,9,1.69660767813226,"Forest","Cold",1,2,2
"562",8,10,10,1.59303776182551,"Forest","Cold",1,2,2
"563",8,10,11,1.49671724531775,"Forest","Cold",1,2,2
"564",8,10,12,1.42244766163364,"Forest","Cold",1,2,2
"565",8,10,13,1.34510004052845,"Forest","Cold",1,2,2
"566",8,10,14,1.28058421637514,"Forest","Cold",1,2,2
"567",8,10,15,1.2173200335013,"Forest","Cold",1,2,2
"568",8,10,16,1.16132088943167,"Forest","Cold",1,2,2
"569",8,10,17,1.11183556617705,"Forest","Cold",1,2,2
"570",8,10,18,1.06447928321059,"Forest","Cold",1,2,2
"571",8,10,19,1.01945558806667,"Forest","Cold",1,2,2
"572",8,10,20,0.974948271358055,"Forest","Cold",1,2,2
"573",8,10,21,0.934326332659934,"Forest","Cold",1,2,2
"574",8,10,22,0.896171229499047,"Forest","Cold",1,2,2
"575",8,10,23,0.857407993483112,"Forest","Cold",1,2,2
"576",8,10,24,0.821074287981308,"Forest","Cold",1,2,2
"577",9,1,1,12.5915651103813,"Grassland","Warm",2,1,3
"578",9,1,2,8.77465000964684,"Grassland","Warm",2,1,3
"579",9,1,3,7.12187075261568,"Grassland","Warm",2,1,3
"580",9,1,4,6.14276132958797,"Grassland","Warm",2,1,3
"581",9,1,5,5.46663643965664,"Grassland","Warm",2,1,3
"582",9,1,6,4.96801031255139,"Grassland","Warm",2,1,3
"583",9,1,7,4.56618527071894,"Grassland","Warm",2,1,3
"584",9,1,8,4.26548392165931,"Grassland","Warm",2,1,3
"585",9,1,9,3.99969519739745,"Grassland","Warm",2,1,3
"586",9,1,10,3.77896242790849,"Grassland","Warm",2,1,3
"587",9,1,11,3.58643588689804,"Grassland","Warm",2,1,3
"588",9,1,12,3.41511718830179,"Grassland","Warm",2,1,3
"589",9,1,13,3.26985449192208,"Grassland","Warm",2,1,3
"590",9,1,14,3.13289798345002,"Grassland","Warm",2,1,3
"591",9,1,15,3.01249751025468,"Grassland","Warm",2,1,3
"592",9,1,16,2.90444656113398,"Grassland","Warm",2,1,3
"593",9,1,17,2.80068556841178,"Grassland","Warm",2,1,3
"594",9,1,18,2.70848803557892,"Grassland","Warm",2,1,3
"595",9,1,19,2.62120954504292,"Grassland","Warm",2,1,3
"596",9,1,20,2.5416582482737,"Grassland","Warm",2,1,3
"597",9,1,21,2.46690938938117,"Grassland","Warm",2,1,3
"598",9,1,22,2.39560022183767,"Grassland","Warm",2,1,3
"599",9,1,23,2.33014890233386,"Grassland","Warm",2,1,3
"600",9,1,24,2.2680392676592,"Grassland","Warm",2,1,3
"601",9,5,1,7.73743099301311,"Grassland","Warm",2,1,3
"602",9,5,2,5.1439800794107,"Grassland","Warm",2,1,3
"603",9,5,3,4.1278845846085,"Grassland","Warm",2,1,3
"604",9,5,4,3.53388984355192,"Grassland","Warm",2,1,3
"605",9,5,5,3.1115909990894,"Grassland","Warm",2,1,3
"606",9,5,6,2.80486515656933,"Grassland","Warm",2,1,3
"607",9,5,7,2.5454854527586,"Grassland","Warm",2,1,3
"608",9,5,8,2.37035361852218,"Grassland","Warm",2,1,3
"609",9,5,9,2.20310499559605,"Grassland","Warm",2,1,3
"610",9,5,10,2.06345508555749,"Grassland","Warm",2,1,3
"611",9,5,11,1.93789072597727,"Grassland","Warm",2,1,3
"612",9,5,12,1.82487388785769,"Grassland","Warm",2,1,3
"613",9,5,13,1.73430244051073,"Grassland","Warm",2,1,3
"614",9,5,14,1.6402522906237,"Grassland","Warm",2,1,3
"615",9,5,15,1.56224840135653,"Grassland","Warm",2,1,3
"616",9,5,16,1.48954109604204,"Grassland","Warm",2,1,3
"617",9,5,17,1.41602878468189,"Grassland","Warm",2,1,3
"618",9,5,18,1.35138693750477,"Grassland","Warm",2,1,3
"619",9,5,19,1.28692880302803,"Grassland","Warm",2,1,3
"620",9,5,20,1.23020756595873,"Grassland","Warm",2,1,3
"621",9,5,21,1.17419614089572,"Grassland","Warm",2,1,3
"622",9,5,22,1.1186796526891,"Grassland","Warm",2,1,3
"623",9,5,23,1.0661344606982,"Grassland","Warm",2,1,3
"624",9,5,24,1.01432192826075,"Grassland","Warm",2,1,3
"625",9,10,1,5.98069462340171,"Grassland","Warm",2,1,3
"626",9,10,2,4.41859689115467,"Grassland","Warm",2,1,3
"627",9,10,3,3.52801779957594,"Grassland","Warm",2,1,3
"628",9,10,4,3.00985143980702,"Grassland","Warm",2,1,3
"629",9,10,5,2.63484317176584,"Grassland","Warm",2,1,3
"630",9,10,6,2.36690219819212,"Grassland","Warm",2,1,3
"631",9,10,7,2.13311081369322,"Grassland","Warm",2,1,3
"632",9,10,8,1.98379081690424,"Grassland","Warm",2,1,3
"633",9,10,9,1.83494062855515,"Grassland","Warm",2,1,3
"634",9,10,10,1.71068659597755,"Grassland","Warm",2,1,3
"635",9,10,11,1.59726992880547,"Grassland","Warm",2,1,3
"636",9,10,12,1.49431391632556,"Grassland","Warm",2,1,3
"637",9,10,13,1.4144009707003,"Grassland","Warm",2,1,3
"638",9,10,14,1.32682145953162,"Grassland","Warm",2,1,3
"639",9,10,15,1.25581658038244,"Grassland","Warm",2,1,3
"640",9,10,16,1.18892209025708,"Grassland","Warm",2,1,3
"641",9,10,17,1.11997660826689,"Grassland","Warm",2,1,3
"642",9,10,18,1.05881140238309,"Grassland","Warm",2,1,3
"643",9,10,19,0.996824348303877,"Grassland","Warm",2,1,3
"644",9,10,20,0.942118132162382,"Grassland","Warm",2,1,3
"645",9,10,21,0.886850627909465,"Grassland","Warm",2,1,3
"646",9,10,22,0.830396936551805,"Grassland","Warm",2,1,3
"647",9,10,23,0.77606315849897,"Grassland","Warm",2,1,3
"648",9,10,24,0.719592841094743,"Grassland","Warm",2,1,3
"649",10,1,1,15.2815795137583,"Grassland","Warm",2,1,3
"650",10,1,2,10.1197247627568,"Grassland","Warm",2,1,3
"651",10,1,3,8.19612164787383,"Grassland","Warm",2,1,3
"652",10,1,4,7.05947719050452,"Grassland","Warm",2,1,3
"653",10,1,5,6.25338884675374,"Grassland","Warm",2,1,3
"654",10,1,6,5.66657070534719,"Grassland","Warm",2,1,3
"655",10,1,7,5.22437361029749,"Grassland","Warm",2,1,3
"656",10,1,8,4.8209623940448,"Grassland","Warm",2,1,3
"657",10,1,9,4.51786003343665,"Grassland","Warm",2,1,3
"658",10,1,10,4.24307009764207,"Grassland","Warm",2,1,3
"659",10,1,11,3.9944734077359,"Grassland","Warm",2,1,3
"660",10,1,12,3.80047629166737,"Grassland","Warm",2,1,3
"661",10,1,13,3.61506863758278,"Grassland","Warm",2,1,3
"662",10,1,14,3.45173230365486,"Grassland","Warm",2,1,3
"663",10,1,15,3.29687120482747,"Grassland","Warm",2,1,3
"664",10,1,16,3.15307400305719,"Grassland","Warm",2,1,3
"665",10,1,17,3.03277850034856,"Grassland","Warm",2,1,3
"666",10,1,18,2.90668291396629,"Grassland","Warm",2,1,3
"667",10,1,19,2.79944298737193,"Grassland","Warm",2,1,3
"668",10,1,20,2.6937226843575,"Grassland","Warm",2,1,3
"669",10,1,21,2.5935964786826,"Grassland","Warm",2,1,3
"670",10,1,22,2.5018849564224,"Grassland","Warm",2,1,3
"671",10,1,23,2.41259224398469,"Grassland","Warm",2,1,3
"672",10,1,24,2.32640087748268,"Grassland","Warm",2,1,3
"673",10,5,1,8.89021028411771,"Grassland","Warm",2,1,3
"674",10,5,2,6.78550425954572,"Grassland","Warm",2,1,3
"675",10,5,3,5.45098352201771,"Grassland","Warm",2,1,3
"676",10,5,4,4.6727628953195,"Grassland","Warm",2,1,3
"677",10,5,5,4.09615486316739,"Grassland","Warm",2,1,3
"678",10,5,6,3.68204214237768,"Grassland","Warm",2,1,3
"679",10,5,7,3.38341332979916,"Grassland","Warm",2,1,3
"680",10,5,8,3.07483945856184,"Grassland","Warm",2,1,3
"681",10,5,9,2.85882107139435,"Grassland","Warm",2,1,3
"682",10,5,10,2.65344972154634,"Grassland","Warm",2,1,3
"683",10,5,11,2.46038409444823,"Grassland","Warm",2,1,3
"684",10,5,12,2.32368440745726,"Grassland","Warm",2,1,3
"685",10,5,13,2.17936838904979,"Grassland","Warm",2,1,3
"686",10,5,14,2.05539109087533,"Grassland","Warm",2,1,3
"687",10,5,15,1.92833190070015,"Grassland","Warm",2,1,3
"688",10,5,16,1.80895755747254,"Grassland","Warm",2,1,3
"689",10,5,17,1.71503737747095,"Grassland","Warm",2,1,3
"690",10,5,18,1.60375593882285,"Grassland","Warm",2,1,3
"691",10,5,19,1.51335287641266,"Grassland","Warm",2,1,3
"692",10,5,20,1.41824495335485,"Grassland","Warm",2,1,3
"693",10,5,21,1.32381275699728,"Grassland","Warm",2,1,3
"694",10,5,22,1.23688583063662,"Grassland","Warm",2,1,3
"695",10,5,23,1.14404142509085,"Grassland","Warm",2,1,3
"696",10,5,24,1.0470933950525,"Grassland","Warm",2,1,3
"697",10,10,1,8.47821696909628,"Grassland","Warm",2,1,3
"698",10,10,2,6.15258829894561,"Grassland","Warm",2,1,3
"699",10,10,3,4.92932576801066,"Grassland","Warm",2,1,3
"700",10,10,4,4.21740301113392,"Grassland","Warm",2,1,3
"701",10,10,5,3.68352641986319,"Grassland","Warm",2,1,3
"702",10,10,6,3.30091441312919,"Grassland","Warm",2,1,3
"703",10,10,7,3.03017648563371,"Grassland","Warm",2,1,3
"704",10,10,8,2.73636220203617,"Grassland","Warm",2,1,3
"705",10,10,9,2.53545976205388,"Grassland","Warm",2,1,3
"706",10,10,10,2.34176641132819,"Grassland","Warm",2,1,3
"707",10,10,11,2.15767020284299,"Grassland","Warm",2,1,3
"708",10,10,12,2.03131541145947,"Grassland","Warm",2,1,3
"709",10,10,13,1.89343727054874,"Grassland","Warm",2,1,3
"710",10,10,14,1.77490720251093,"Grassland","Warm",2,1,3
"711",10,10,15,1.65170602344541,"Grassland","Warm",2,1,3
"712",10,10,16,1.53372883900113,"Grassland","Warm",2,1,3
"713",10,10,17,1.44334496778935,"Grassland","Warm",2,1,3
"714",10,10,18,1.33213092589621,"Grassland","Warm",2,1,3
"715",10,10,19,1.24156186375158,"Grassland","Warm",2,1,3
"716",10,10,20,1.14469035750273,"Grassland","Warm",2,1,3
"717",10,10,21,1.04607020588993,"Grassland","Warm",2,1,3
"718",10,10,22,0.953471074779138,"Grassland","Warm",2,1,3
"719",10,10,23,0.85147578127213,"Grassland","Warm",2,1,3
"720",10,10,24,0.736121338092552,"Grassland","Warm",2,1,3
"721",11,1,1,30.6115974372389,"Grassland","Warm",2,1,3
"722",11,1,2,20.0209010096867,"Grassland","Warm",2,1,3
"723",11,1,3,16.0227006903426,"Grassland","Warm",2,1,3
"724",11,1,4,13.4798435838612,"Grassland","Warm",2,1,3
"725",11,1,5,11.8488665553543,"Grassland","Warm",2,1,3
"726",11,1,6,10.6231088603117,"Grassland","Warm",2,1,3
"727",11,1,7,9.58944612334307,"Grassland","Warm",2,1,3
"728",11,1,8,8.85948947960057,"Grassland","Warm",2,1,3
"729",11,1,9,8.1774377205694,"Grassland","Warm",2,1,3
"730",11,1,10,7.59560255703713,"Grassland","Warm",2,1,3
"731",11,1,11,7.07698809646281,"Grassland","Warm",2,1,3
"732",11,1,12,6.57503904619266,"Grassland","Warm",2,1,3
"733",11,1,13,6.173097067312,"Grassland","Warm",2,1,3
"734",11,1,14,5.76890965515181,"Grassland","Warm",2,1,3
"735",11,1,15,5.38754842944717,"Grassland","Warm",2,1,3
"736",11,1,16,5.07620741275923,"Grassland","Warm",2,1,3
"737",11,1,17,4.7343070590056,"Grassland","Warm",2,1,3
"738",11,1,18,4.43864482604596,"Grassland","Warm",2,1,3
"739",11,1,19,4.14479428921955,"Grassland","Warm",2,1,3
"740",11,1,20,3.84327547340013,"Grassland","Warm",2,1,3
"741",11,1,21,3.56748836354472,"Grassland","Warm",2,1,3
"742",11,1,22,3.27690501142628,"Grassland","Warm",2,1,3
"743",11,1,23,2.9737284538184,"Grassland","Warm",2,1,3
"744",11,1,24,2.63764247245199,"Grassland","Warm",2,1,3
"745",11,5,1,26.9762575259282,"Grassland","Warm",2,1,3
"746",11,5,2,17.6437184174952,"Grassland","Warm",2,1,3
"747",11,5,3,13.9712231712146,"Grassland","Warm",2,1,3
"748",11,5,4,11.6631179976014,"Grassland","Warm",2,1,3
"749",11,5,5,10.1991162459005,"Grassland","Warm",2,1,3
"750",11,5,6,9.09040493494564,"Grassland","Warm",2,1,3
"751",11,5,7,8.14675881119727,"Grassland","Warm",2,1,3
"752",11,5,8,7.49749490301586,"Grassland","Warm",2,1,3
"753",11,5,9,6.8727186142068,"Grassland","Warm",2,1,3
"754",11,5,10,6.34173068782711,"Grassland","Warm",2,1,3
"755",11,5,11,5.86178850628512,"Grassland","Warm",2,1,3
"756",11,5,12,5.38195134864028,"Grassland","Warm",2,1,3
"757",11,5,13,5.00979461039257,"Grassland","Warm",2,1,3
"758",11,5,14,4.62525366888731,"Grassland","Warm",2,1,3
"759",11,5,15,4.25175633275781,"Grassland","Warm",2,1,3
"760",11,5,16,3.95792444503257,"Grassland","Warm",2,1,3
"761",11,5,17,3.61659034767223,"Grassland","Warm",2,1,3
"762",11,5,18,3.32367650196004,"Grassland","Warm",2,1,3
"763",11,5,19,3.022466699773,"Grassland","Warm",2,1,3
"764",11,5,20,2.70490845208099,"Grassland","Warm",2,1,3
"765",11,5,21,2.40517408584433,"Grassland","Warm",2,1,3
"766",11,5,22,2.07733379862633,"Grassland","Warm",2,1,3
"767",11,5,23,1.70886056934123,"Grassland","Warm",2,1,3
"768",11,5,24,1.18367085957906,"Grassland","Warm",2,1,3
"769",11,10,1,24.642673001218,"Grassland","Warm",2,1,3
"770",11,10,2,17.2477197918947,"Grassland","Warm",2,1,3
"771",11,10,3,13.6452795502764,"Grassland","Warm",2,1,3
"772",11,10,4,11.3735873048427,"Grassland","Warm",2,1,3
"773",11,10,5,9.93448045514493,"Grassland","Warm",2,1,3
"774",11,10,6,8.84225223129087,"Grassland","Warm",2,1,3
"775",11,10,7,7.9111603756069,"Grassland","Warm",2,1,3
"776",11,10,8,7.2744925556383,"Grassland","Warm",2,1,3
"777",11,10,9,6.65814644045046,"Grassland","Warm",2,1,3
"778",11,10,10,6.13380611207191,"Grassland","Warm",2,1,3
"779",11,10,11,5.65941525310218,"Grassland","Warm",2,1,3
"780",11,10,12,5.18153480439938,"Grassland","Warm",2,1,3
"781",11,10,13,4.8134329794043,"Grassland","Warm",2,1,3
"782",11,10,14,4.43109289469281,"Grassland","Warm",2,1,3
"783",11,10,15,4.05662007682651,"Grassland","Warm",2,1,3
"784",11,10,16,3.7646526074414,"Grassland","Warm",2,1,3
"785",11,10,17,3.42170018650798,"Grassland","Warm",2,1,3
"786",11,10,18,3.12701035874514,"Grassland","Warm",2,1,3
"787",11,10,19,2.82170699226428,"Grassland","Warm",2,1,3
"788",11,10,20,2.49831207634245,"Grassland","Warm",2,1,3
"789",11,10,21,2.18905702731292,"Grassland","Warm",2,1,3
"790",11,10,22,1.84962942211378,"Grassland","Warm",2,1,3
"791",11,10,23,1.45937886627809,"Grassland","Warm",2,1,3
"792",11,10,24,0.837078134794577,"Grassland","Warm",2,1,3
"793",12,1,1,28.4200870836766,"Grassland","Cold",2,2,4
"794",12,1,2,19.4440549079283,"Grassland","Cold",2,2,4
"795",12,1,3,15.5804463117181,"Grassland","Cold",2,2,4
"796",12,1,4,13.3438744183724,"Grassland","Cold",2,2,4
"797",12,1,5,11.8367208050663,"Grassland","Cold",2,2,4
"798",12,1,6,10.63136049164,"Grassland","Cold",2,2,4
"799",12,1,7,9.74245765261325,"Grassland","Cold",2,2,4
"800",12,1,8,8.93123443843662,"Grassland","Cold",2,2,4
"801",12,1,9,8.31574914614249,"Grassland","Cold",2,2,4
"802",12,1,10,7.80466868921282,"Grassland","Cold",2,2,4
"803",12,1,11,7.31056923587975,"Grassland","Cold",2,2,4
"804",12,1,12,6.88837104527169,"Grassland","Cold",2,2,4
"805",12,1,13,6.54745040447701,"Grassland","Cold",2,2,4
"806",12,1,14,6.17190654380784,"Grassland","Cold",2,2,4
"807",12,1,15,5.84751587679152,"Grassland","Cold",2,2,4
"808",12,1,16,5.53554875170734,"Grassland","Cold",2,2,4
"809",12,1,17,5.29327895639846,"Grassland","Cold",2,2,4
"810",12,1,18,5.0266664037203,"Grassland","Cold",2,2,4
"811",12,1,19,4.77042755843755,"Grassland","Cold",2,2,4
"812",12,1,20,4.54783427641639,"Grassland","Cold",2,2,4
"813",12,1,21,4.32856740866667,"Grassland","Cold",2,2,4
"814",12,1,22,4.11086324692874,"Grassland","Cold",2,2,4
"815",12,1,23,3.89352954829486,"Grassland","Cold",2,2,4
"816",12,1,24,3.68361900719116,"Grassland","Cold",2,2,4
"817",12,5,1,23.1822221233721,"Grassland","Cold",2,2,4
"818",12,5,2,15.1350119752722,"Grassland","Cold",2,2,4
"819",12,5,3,11.9355273385669,"Grassland","Cold",2,2,4
"820",12,5,4,10.1255830475074,"Grassland","Cold",2,2,4
"821",12,5,5,8.92338443621995,"Grassland","Cold",2,2,4
"822",12,5,6,7.92746055952257,"Grassland","Cold",2,2,4
"823",12,5,7,7.21815824255223,"Grassland","Cold",2,2,4
"824",12,5,8,6.52974756109716,"Grassland","Cold",2,2,4
"825",12,5,9,6.03006956575257,"Grassland","Cold",2,2,4
"826",12,5,10,5.60845825365149,"Grassland","Cold",2,2,4
"827",12,5,11,5.1811320974475,"Grassland","Cold",2,2,4
"828",12,5,12,4.82431069961308,"Grassland","Cold",2,2,4
"829",12,5,13,4.54097514649889,"Grassland","Cold",2,2,4
"830",12,5,14,4.1979298594691,"Grassland","Cold",2,2,4
"831",12,5,15,3.90491618660029,"Grassland","Cold",2,2,4
"832",12,5,16,3.61733818661033,"Grassland","Cold",2,2,4
"833",12,5,17,3.40320393360404,"Grassland","Cold",2,2,4
"834",12,5,18,3.1470102523031,"Grassland","Cold",2,2,4
"835",12,5,19,2.89156176931732,"Grassland","Cold",2,2,4
"836",12,5,20,2.67240899817972,"Grassland","Cold",2,2,4
"837",12,5,21,2.44176224806088,"Grassland","Cold",2,2,4
"838",12,5,22,2.20070844162803,"Grassland","Cold",2,2,4
"839",12,5,23,1.93523313950406,"Grassland","Cold",2,2,4
"840",12,5,24,1.6352228888338,"Grassland","Cold",2,2,4
"841",12,10,1,18.5975197946064,"Grassland","Cold",2,2,4
"842",12,10,2,14.4259711377622,"Grassland","Cold",2,2,4
"843",12,10,3,11.3195879377924,"Grassland","Cold",2,2,4
"844",12,10,4,9.57846594861973,"Grassland","Cold",2,2,4
"845",12,10,5,8.42508406209665,"Grassland","Cold",2,2,4
"846",12,10,6,7.46418785756255,"Grassland","Cold",2,2,4
"847",12,10,7,6.78237568228479,"Grassland","Cold",2,2,4
"848",12,10,8,6.11334446542317,"Grassland","Cold",2,2,4
"849",12,10,9,5.6320162798642,"Grassland","Cold",2,2,4
"850",12,10,10,5.22441765218738,"Grassland","Cold",2,2,4
"851",12,10,11,4.80437804186798,"Grassland","Cold",2,2,4
"852",12,10,12,4.45921518157574,"Grassland","Cold",2,2,4
"853",12,10,13,4.18372447726491,"Grassland","Cold",2,2,4
"854",12,10,14,3.84324901438086,"Grassland","Cold",2,2,4
"855",12,10,15,3.55256374511399,"Grassland","Cold",2,2,4
"856",12,10,16,3.26623517179109,"Grassland","Cold",2,2,4
"857",12,10,17,3.05470155475676,"Grassland","Cold",2,2,4
"858",12,10,18,2.79622712551661,"Grassland","Cold",2,2,4
"859",12,10,19,2.53563085119886,"Grassland","Cold",2,2,4
"860",12,10,20,2.31211711301183,"Grassland","Cold",2,2,4
"861",12,10,21,2.07267029194637,"Grassland","Cold",2,2,4
"862",12,10,22,1.81701044388637,"Grassland","Cold",2,2,4
"863",12,10,23,1.52242988975892,"Grassland","Cold",2,2,4
"864",12,10,24,1.15971962096211,"Grassland","Cold",2,2,4
"865",13,1,1,11.7920643072455,"Grassland","Warm",2,1,3
"866",13,1,2,8.42026748186139,"Grassland","Warm",2,1,3
"867",13,1,3,6.80597858888132,"Grassland","Warm",2,1,3
"868",13,1,4,5.83027640320113,"Grassland","Warm",2,1,3
"869",13,1,5,5.12953979997514,"Grassland","Warm",2,1,3
"870",13,1,6,4.63278193752979,"Grassland","Warm",2,1,3
"871",13,1,7,4.23313193917002,"Grassland","Warm",2,1,3
"872",13,1,8,3.91964869429192,"Grassland","Warm",2,1,3
"873",13,1,9,3.6473069674599,"Grassland","Warm",2,1,3
"874",13,1,10,3.41385018101532,"Grassland","Warm",2,1,3
"875",13,1,11,3.22024249156153,"Grassland","Warm",2,1,3
"876",13,1,12,3.03155831890979,"Grassland","Warm",2,1,3
"877",13,1,13,2.87247974434825,"Grassland","Warm",2,1,3
"878",13,1,14,2.71617433387744,"Grassland","Warm",2,1,3
"879",13,1,15,2.59486212012668,"Grassland","Warm",2,1,3
"880",13,1,16,2.47029024847109,"Grassland","Warm",2,1,3
"881",13,1,17,2.34631270495999,"Grassland","Warm",2,1,3
"882",13,1,18,2.2384152127845,"Grassland","Warm",2,1,3
"883",13,1,19,2.13982786710933,"Grassland","Warm",2,1,3
"884",13,1,20,2.04570669265546,"Grassland","Warm",2,1,3
"885",13,1,21,1.95138147035134,"Grassland","Warm",2,1,3
"886",13,1,22,1.86437258307431,"Grassland","Warm",2,1,3
"887",13,1,23,1.77850980111435,"Grassland","Warm",2,1,3
"888",13,1,24,1.69392292964797,"Grassland","Warm",2,1,3
"889",13,5,1,9.25933920440286,"Grassland","Warm",2,1,3
"890",13,5,2,6.29766124016971,"Grassland","Warm",2,1,3
"891",13,5,3,5.04586607375488,"Grassland","Warm",2,1,3
"892",13,5,4,4.28297091701629,"Grassland","Warm",2,1,3
"893",13,5,5,3.72917326725471,"Grassland","Warm",2,1,3
"894",13,5,6,3.33506412225575,"Grassland","Warm",2,1,3
"895",13,5,7,3.01865782125474,"Grassland","Warm",2,1,3
"896",13,5,8,2.77457046336704,"Grassland","Warm",2,1,3
"897",13,5,9,2.55519095878481,"Grassland","Warm",2,1,3
"898",13,5,10,2.36335470375967,"Grassland","Warm",2,1,3
"899",13,5,11,2.20763495109017,"Grassland","Warm",2,1,3
"900",13,5,12,2.04563982070252,"Grassland","Warm",2,1,3
"901",13,5,13,1.91131073800236,"Grassland","Warm",2,1,3
"902",13,5,14,1.7734042735425,"Grassland","Warm",2,1,3
"903",13,5,15,1.67565201507267,"Grassland","Warm",2,1,3
"904",13,5,16,1.5639053004926,"Grassland","Warm",2,1,3
"905",13,5,17,1.44601534318668,"Grassland","Warm",2,1,3
"906",13,5,18,1.34526162746119,"Grassland","Warm",2,1,3
"907",13,5,19,1.25375831674324,"Grassland","Warm",2,1,3
"908",13,5,20,1.16129189346742,"Grassland","Warm",2,1,3
"909",13,5,21,1.06409292290598,"Grassland","Warm",2,1,3
"910",13,5,22,0.969868199490261,"Grassland","Warm",2,1,3
"911",13,5,23,0.869655704065311,"Grassland","Warm",2,1,3
"912",13,5,24,0.753811173687667,"Grassland","Warm",2,1,3
"913",13,10,1,8.82665254400758,"Grassland","Warm",2,1,3
"914",13,10,2,5.91610476128907,"Grassland","Warm",2,1,3
"915",13,10,3,4.72853779258244,"Grassland","Warm",2,1,3
"916",13,10,4,4.00229836128199,"Grassland","Warm",2,1,3
"917",13,10,5,3.47550561293196,"Grassland","Warm",2,1,3
"918",13,10,6,3.09781469233175,"Grassland","Warm",2,1,3
"919",13,10,7,2.79594128011869,"Grassland","Warm",2,1,3
"920",13,10,8,2.56517421807024,"Grassland","Warm",2,1,3
"921",13,10,9,2.35525268888671,"Grassland","Warm",2,1,3
"922",13,10,10,2.16962848008124,"Grassland","Warm",2,1,3
"923",13,10,11,2.02051512202646,"Grassland","Warm",2,1,3
"924",13,10,12,1.86173968436027,"Grassland","Warm",2,1,3
"925",13,10,13,1.73147005862325,"Grassland","Warm",2,1,3
"926",13,10,14,1.59587537350466,"Grassland","Warm",2,1,3
"927",13,10,15,1.50264146306888,"Grassland","Warm",2,1,3
"928",13,10,16,1.39212339502247,"Grassland","Warm",2,1,3
"929",13,10,17,1.27343867357839,"Grassland","Warm",2,1,3
"930",13,10,18,1.17247434630605,"Grassland","Warm",2,1,3
"931",13,10,19,1.08071450562737,"Grassland","Warm",2,1,3
"932",13,10,20,0.986258998839097,"Grassland","Warm",2,1,3
"933",13,10,21,0.885080105252172,"Grassland","Warm",2,1,3
"934",13,10,22,0.785921254532538,"Grassland","Warm",2,1,3
"935",13,10,23,0.67600091369486,"Grassland","Warm",2,1,3
"936",13,10,24,0.535670054823393,"Grassland","Warm",2,1,3
"937",14,1,1,18.2000193855371,"Grassland","Cold",2,2,4
"938",14,1,2,13.2184469600246,"Grassland","Cold",2,2,4
"939",14,1,3,10.7744801576281,"Grassland","Cold",2,2,4
"940",14,1,4,9.12803813844473,"Grassland","Cold",2,2,4
"941",14,1,5,8.11363836118948,"Grassland","Cold",2,2,4
"942",14,1,6,7.33778705290748,"Grassland","Cold",2,2,4
"943",14,1,7,6.6924029554721,"Grassland","Cold",2,2,4
"944",14,1,8,6.16749945619588,"Grassland","Cold",2,2,4
"945",14,1,9,5.71458846105,"Grassland","Cold",2,2,4
"946",14,1,10,5.2910100339866,"Grassland","Cold",2,2,4
"947",14,1,11,5.01367793868487,"Grassland","Cold",2,2,4
"948",14,1,12,4.67989428123943,"Grassland","Cold",2,2,4
"949",14,1,13,4.41088665927203,"Grassland","Cold",2,2,4
"950",14,1,14,4.16895999130809,"Grassland","Cold",2,2,4
"951",14,1,15,3.93657428551679,"Grassland","Cold",2,2,4
"952",14,1,16,3.7119993650784,"Grassland","Cold",2,2,4
"953",14,1,17,3.53094946814919,"Grassland","Cold",2,2,4
"954",14,1,18,3.32696643204852,"Grassland","Cold",2,2,4
"955",14,1,19,3.1633713660177,"Grassland","Cold",2,2,4
"956",14,1,20,2.98651609367485,"Grassland","Cold",2,2,4
"957",14,1,21,2.82208417764922,"Grassland","Cold",2,2,4
"958",14,1,22,2.65444668174068,"Grassland","Cold",2,2,4
"959",14,1,23,2.49301873203393,"Grassland","Cold",2,2,4
"960",14,1,24,2.33149413890791,"Grassland","Cold",2,2,4
"961",14,5,1,16.2923558511621,"Grassland","Cold",2,2,4
"962",14,5,2,10.5656088087218,"Grassland","Cold",2,2,4
"963",14,5,3,8.62396449402627,"Grassland","Cold",2,2,4
"964",14,5,4,7.23121892262849,"Grassland","Cold",2,2,4
"965",14,5,5,6.40012815770445,"Grassland","Cold",2,2,4
"966",14,5,6,5.77126164246004,"Grassland","Cold",2,2,4
"967",14,5,7,5.21782892572455,"Grassland","Cold",2,2,4
"968",14,5,8,4.77018909027535,"Grassland","Cold",2,2,4
"969",14,5,9,4.37878575999468,"Grassland","Cold",2,2,4
"970",14,5,10,3.99262067362456,"Grassland","Cold",2,2,4
"971",14,5,11,3.77371597138782,"Grassland","Cold",2,2,4
"972",14,5,12,3.46121302195198,"Grassland","Cold",2,2,4
"973",14,5,13,3.2247635516906,"Grassland","Cold",2,2,4
"974",14,5,14,3.00524797039822,"Grassland","Cold",2,2,4
"975",14,5,15,2.78715427790827,"Grassland","Cold",2,2,4
"976",14,5,16,2.56992819469946,"Grassland","Cold",2,2,4
"977",14,5,17,2.40157069610016,"Grassland","Cold",2,2,4
"978",14,5,18,2.19329399453629,"Grassland","Cold",2,2,4
"979",14,5,19,2.03336557699151,"Grassland","Cold",2,2,4
"980",14,5,20,1.84784252399494,"Grassland","Cold",2,2,4
"981",14,5,21,1.66763817173152,"Grassland","Cold",2,2,4
"982",14,5,22,1.47348542409619,"Grassland","Cold",2,2,4
"983",14,5,23,1.27128876578604,"Grassland","Cold",2,2,4
"984",14,5,24,1.03909789486561,"Grassland","Cold",2,2,4
"985",14,10,1,12.7110099640208,"Grassland","Cold",2,2,4
"986",14,10,2,10.0961941316003,"Grassland","Cold",2,2,4
"987",14,10,3,8.25148128208085,"Grassland","Cold",2,2,4
"988",14,10,4,6.90215883992971,"Grassland","Cold",2,2,4
"989",14,10,5,6.10313244525608,"Grassland","Cold",2,2,4
"990",14,10,6,5.50032036816291,"Grassland","Cold",2,2,4
"991",14,10,7,4.9627568496106,"Grassland","Cold",2,2,4
"992",14,10,8,4.52833532613979,"Grassland","Cold",2,2,4
"993",14,10,9,4.14778579640376,"Grassland","Cold",2,2,4
"994",14,10,10,3.76568392002366,"Grassland","Cold",2,2,4
"995",14,10,11,3.5575181034105,"Grassland","Cold",2,2,4
"996",14,10,12,3.24690897681234,"Grassland","Cold",2,2,4
"997",14,10,13,3.01550419149119,"Grassland","Cold",2,2,4
"998",14,10,14,2.79884787775442,"Grassland","Cold",2,2,4
"999",14,10,15,2.58148004539571,"Grassland","Cold",2,2,4
"1000",14,10,16,2.36366409715463,"Grassland","Cold",2,2,4
"1001",14,10,17,2.19567157478429,"Grassland","Cold",2,2,4
"1002",14,10,18,1.98359149303057,"Grassland","Cold",2,2,4
"1003",14,10,19,1.82213210269887,"Grassland","Cold",2,2,4
"1004",14,10,20,1.6317249230666,"Grassland","Cold",2,2,4
"1005",14,10,21,1.4434149820339,"Grassland","Cold",2,2,4
"1006",14,10,22,1.23703116777143,"Grassland","Cold",2,2,4
"1007",14,10,23,1.01389421076296,"Grassland","Cold",2,2,4
"1008",14,10,24,0.740306389424071,"Grassland","Cold",2,2,4
"1009",15,1,1,10.5652852090524,"Grassland","Warm",2,1,3
"1010",15,1,2,7.6970788777437,"Grassland","Warm",2,1,3
"1011",15,1,3,6.24476515940314,"Grassland","Warm",2,1,3
"1012",15,1,4,5.40797013694027,"Grassland","Warm",2,1,3
"1013",15,1,5,4.80030938181229,"Grassland","Warm",2,1,3
"1014",15,1,6,4.36450870361169,"Grassland","Warm",2,1,3
"1015",15,1,7,4.01107216990461,"Grassland","Warm",2,1,3
"1016",15,1,8,3.74014899377645,"Grassland","Warm",2,1,3
"1017",15,1,9,3.51147698250192,"Grassland","Warm",2,1,3
"1018",15,1,10,3.31039241348383,"Grassland","Warm",2,1,3
"1019",15,1,11,3.1322426600705,"Grassland","Warm",2,1,3
"1020",15,1,12,2.99130658585698,"Grassland","Warm",2,1,3
"1021",15,1,13,2.85691340159414,"Grassland","Warm",2,1,3
"1022",15,1,14,2.72843717594171,"Grassland","Warm",2,1,3
"1023",15,1,15,2.62469932308436,"Grassland","Warm",2,1,3
"1024",15,1,16,2.5242869506633,"Grassland","Warm",2,1,3
"1025",15,1,17,2.43726709992737,"Grassland","Warm",2,1,3
"1026",15,1,18,2.35285707323821,"Grassland","Warm",2,1,3
"1027",15,1,19,2.27260519894901,"Grassland","Warm",2,1,3
"1028",15,1,20,2.20406590287619,"Grassland","Warm",2,1,3
"1029",15,1,21,2.1359125624088,"Grassland","Warm",2,1,3
"1030",15,1,22,2.07160137448226,"Grassland","Warm",2,1,3
"1031",15,1,23,2.01198111860008,"Grassland","Warm",2,1,3
"1032",15,1,24,1.9556109718173,"Grassland","Warm",2,1,3
"1033",15,5,1,6.63361835582317,"Grassland","Warm",2,1,3
"1034",15,5,2,4.62314084993735,"Grassland","Warm",2,1,3
"1035",15,5,3,3.71821608108841,"Grassland","Warm",2,1,3
"1036",15,5,4,3.21292560064876,"Grassland","Warm",2,1,3
"1037",15,5,5,2.82349485701437,"Grassland","Warm",2,1,3
"1038",15,5,6,2.55015241302091,"Grassland","Warm",2,1,3
"1039",15,5,7,2.31378743014962,"Grassland","Warm",2,1,3
"1040",15,5,8,2.14654053131552,"Grassland","Warm",2,1,3
"1041",15,5,9,2.00056702120182,"Grassland","Warm",2,1,3
"1042",15,5,10,1.86557374435706,"Grassland","Warm",2,1,3
"1043",15,5,11,1.74036246042134,"Grassland","Warm",2,1,3
"1044",15,5,12,1.65423887208641,"Grassland","Warm",2,1,3
"1045",15,5,13,1.56260224156917,"Grassland","Warm",2,1,3
"1046",15,5,14,1.46620559194808,"Grassland","Warm",2,1,3
"1047",15,5,15,1.39806307683828,"Grassland","Warm",2,1,3
"1048",15,5,16,1.32500067940769,"Grassland","Warm",2,1,3
"1049",15,5,17,1.26529753212008,"Grassland","Warm",2,1,3
"1050",15,5,18,1.20235118669756,"Grassland","Warm",2,1,3
"1051",15,5,19,1.1390879122396,"Grassland","Warm",2,1,3
"1052",15,5,20,1.0889067400294,"Grassland","Warm",2,1,3
"1053",15,5,21,1.03529729903131,"Grassland","Warm",2,1,3
"1054",15,5,22,0.981076858073062,"Grassland","Warm",2,1,3
"1055",15,5,23,0.931990785244537,"Grassland","Warm",2,1,3
"1056",15,5,24,0.881798662286462,"Grassland","Warm",2,1,3
"1057",15,10,1,5.92743455428633,"Grassland","Warm",2,1,3
"1058",15,10,2,4.03199896817349,"Grassland","Warm",2,1,3
"1059",15,10,3,3.21340215686038,"Grassland","Warm",2,1,3
"1060",15,10,4,2.77449623653538,"Grassland","Warm",2,1,3
"1061",15,10,5,2.42688771116148,"Grassland","Warm",2,1,3
"1062",15,10,6,2.18473602312423,"Grassland","Warm",2,1,3
"1063",15,10,7,1.96974297793272,"Grassland","Warm",2,1,3
"1064",15,10,8,1.8228826057938,"Grassland","Warm",2,1,3
"1065",15,10,9,1.69196086482483,"Grassland","Warm",2,1,3
"1066",15,10,10,1.56911576777474,"Grassland","Warm",2,1,3
"1067",15,10,11,1.4517656946777,"Grassland","Warm",2,1,3
"1068",15,10,12,1.37631924629099,"Grassland","Warm",2,1,3
"1069",15,10,13,1.29202122551665,"Grassland","Warm",2,1,3
"1070",15,10,14,1.19964229611769,"Grassland","Warm",2,1,3
"1071",15,10,15,1.13757514191981,"Grassland","Warm",2,1,3
"1072",15,10,16,1.0675659636121,"Grassland","Warm",2,1,3
"1073",15,10,17,1.01224620845433,"Grassland","Warm",2,1,3
"1074",15,10,18,0.951366956262963,"Grassland","Warm",2,1,3
"1075",15,10,19,0.888212376216682,"Grassland","Warm",2,1,3
"1076",15,10,20,0.839854350327551,"Grassland","Warm",2,1,3
"1077",15,10,21,0.785675193054505,"Grassland","Warm",2,1,3
"1078",15,10,22,0.728902351916036,"Grassland","Warm",2,1,3
"1079",15,10,23,0.676781878312573,"Grassland","Warm",2,1,3
"1080",15,10,24,0.620713004640512,"Grassland","Warm",2,1,3
"1081",16,1,1,16.3189490967743,"Grassland","Cold",2,2,4
"1082",16,1,2,11.1913665249634,"Grassland","Cold",2,2,4
"1083",16,1,3,9.05432190677495,"Grassland","Cold",2,2,4
"1084",16,1,4,7.68528361678021,"Grassland","Cold",2,2,4
"1085",16,1,5,6.80987082253256,"Grassland","Cold",2,2,4
"1086",16,1,6,6.16666358412322,"Grassland","Cold",2,2,4
"1087",16,1,7,5.62599060258472,"Grassland","Cold",2,2,4
"1088",16,1,8,5.17622589789301,"Grassland","Cold",2,2,4
"1089",16,1,9,4.82647974742917,"Grassland","Cold",2,2,4
"1090",16,1,10,4.52766484408484,"Grassland","Cold",2,2,4
"1091",16,1,11,4.1971984589184,"Grassland","Cold",2,2,4
"1092",16,1,12,3.95445630818602,"Grassland","Cold",2,2,4
"1093",16,1,13,3.7501693362574,"Grassland","Cold",2,2,4
"1094",16,1,14,3.54994721735281,"Grassland","Cold",2,2,4
"1095",16,1,15,3.36308151413953,"Grassland","Cold",2,2,4
"1096",16,1,16,3.20415132681219,"Grassland","Cold",2,2,4
"1097",16,1,17,3.04646627920881,"Grassland","Cold",2,2,4
"1098",16,1,18,2.88482418331447,"Grassland","Cold",2,2,4
"1099",16,1,19,2.75922265103921,"Grassland","Cold",2,2,4
"1100",16,1,20,2.60771802763894,"Grassland","Cold",2,2,4
"1101",16,1,21,2.48387839190789,"Grassland","Cold",2,2,4
"1102",16,1,22,2.35062157966588,"Grassland","Cold",2,2,4
"1103",16,1,23,2.22570948167956,"Grassland","Cold",2,2,4
"1104",16,1,24,2.09997233771386,"Grassland","Cold",2,2,4
"1105",16,5,1,13.2096447677601,"Grassland","Cold",2,2,4
"1106",16,5,2,8.69971315960938,"Grassland","Cold",2,2,4
"1107",16,5,3,6.96369805762523,"Grassland","Cold",2,2,4
"1108",16,5,4,5.82819333779153,"Grassland","Cold",2,2,4
"1109",16,5,5,5.14889779760653,"Grassland","Cold",2,2,4
"1110",16,5,6,4.63505972228317,"Grassland","Cold",2,2,4
"1111",16,5,7,4.18599896861271,"Grassland","Cold",2,2,4
"1112",16,5,8,3.81677968244305,"Grassland","Cold",2,2,4
"1113",16,5,9,3.52228150935527,"Grassland","Cold",2,2,4
"1114",16,5,10,3.28402741457088,"Grassland","Cold",2,2,4
"1115",16,5,11,2.97934171910883,"Grassland","Cold",2,2,4
"1116",16,5,12,2.76997541844657,"Grassland","Cold",2,2,4
"1117",16,5,13,2.6055113934598,"Grassland","Cold",2,2,4
"1118",16,5,14,2.42800823883321,"Grassland","Cold",2,2,4
"1119",16,5,15,2.25859014390222,"Grassland","Cold",2,2,4
"1120",16,5,16,2.12180665626748,"Grassland","Cold",2,2,4
"1121",16,5,17,1.97422244042618,"Grassland","Cold",2,2,4
"1122",16,5,18,1.81809366498141,"Grassland","Cold",2,2,4
"1123",16,5,19,1.69991541318909,"Grassland","Cold",2,2,4
"1124",16,5,20,1.54197634540673,"Grassland","Cold",2,2,4
"1125",16,5,21,1.41415183416922,"Grassland","Cold",2,2,4
"1126",16,5,22,1.26346401144739,"Grassland","Cold",2,2,4
"1127",16,5,23,1.11200998453688,"Grassland","Cold",2,2,4
"1128",16,5,24,0.934490887861759,"Grassland","Cold",2,2,4
"1129",16,10,1,11.1961639599358,"Grassland","Cold",2,2,4
"1130",16,10,2,8.31746948321902,"Grassland","Cold",2,2,4
"1131",16,10,3,6.61128401863218,"Grassland","Cold",2,2,4
"1132",16,10,4,5.5119118081721,"Grassland","Cold",2,2,4
"1133",16,10,5,4.86691611120465,"Grassland","Cold",2,2,4
"1134",16,10,6,4.37349426073567,"Grassland","Cold",2,2,4
"1135",16,10,7,3.93894097641175,"Grassland","Cold",2,2,4
"1136",16,10,8,3.58198336972742,"Grassland","Cold",2,2,4
"1137",16,10,9,3.29496700861997,"Grassland","Cold",2,2,4
"1138",16,10,10,3.06745320622811,"Grassland","Cold",2,2,4
"1139",16,10,11,2.76423017544757,"Grassland","Cold",2,2,4
"1140",16,10,12,2.55923548524472,"Grassland","Cold",2,2,4
"1141",16,10,13,2.40124408724905,"Grassland","Cold",2,2,4
"1142",16,10,14,2.22608884002421,"Grassland","Cold",2,2,4
"1143",16,10,15,2.05807660202538,"Grassland","Cold",2,2,4
"1144",16,10,16,1.9239009498154,"Grassland","Cold",2,2,4
"1145",16,10,17,1.7766170920479,"Grassland","Cold",2,2,4
"1146",16,10,18,1.61817344266211,"Grassland","Cold",2,2,4
"1147",16,10,19,1.49933726143432,"Grassland","Cold",2,2,4
"1148",16,10,20,1.33524423744363,"Grassland","Cold",2,2,4
"1149",16,10,21,1.20392493258585,"Grassland","Cold",2,2,4
"1150",16,10,22,1.04324341490154,"Grassland","Cold",2,2,4
"1151",16,10,23,0.875782415611356,"Grassland","Cold",2,2,4
"1152",16,10,24,0.661571804010012,"Grassland","Cold",2,2,4
